{
    "transform": [
        [
            0.47225838899612427,
            0.11297540366649628,
            0.8741902709007263,
            0.005773283541202545
        ],
        [
            0.11297540366649628,
            0.9758149981498718,
            -0.1871408075094223,
            -0.3143584728240967
        ],
        [
            -0.8741902709007263,
            0.1871408075094223,
            0.4480733871459961,
            -0.2664443850517273
        ]
    ],
    "scale": 0.18883635710734115
}