{
    "transform": [
        [
            0.4780077338218689,
            0.10961641371250153,
            0.8714888691902161,
            0.05480577424168587
        ],
        [
            0.10961641371250153,
            0.976980984210968,
            -0.18300938606262207,
            -0.28910204768180847
        ],
        [
            -0.8714888691902161,
            0.18300938606262207,
            0.45498865842819214,
            -0.330384224653244
        ]
    ],
    "scale": 0.19843785749579923
}