{
    "transform": [
        [
            0.5003179311752319,
            0.1184018924832344,
            0.8577079772949219,
            0.1182672530412674
        ],
        [
            0.1184018924832344,
            0.9719441533088684,
            -0.20323772728443146,
            -0.3933809995651245
        ],
        [
            -0.8577079772949219,
            0.20323772728443146,
            0.47226202487945557,
            -0.2194184511899948
        ]
    ],
    "scale": 0.22866591017210414
}