{
    "transform": [
        [
            0.48568421602249146,
            0.13958799839019775,
            0.8629171848297119,
            0.4775601625442505
        ],
        [
            0.13958799839019775,
            0.9621151089668274,
            -0.23420022428035736,
            -0.1805385947227478
        ],
        [
            -0.8629171848297119,
            0.23420022428035736,
            0.44779932498931885,
            -0.407153844833374
        ]
    ],
    "scale": 0.20409227416374215
}