{
    "transform": [
        [
            0.49138081073760986,
            0.11363306641578674,
            0.8635001182556152,
            0.07603339105844498
        ],
        [
            0.11363306641578674,
            0.9746127128601074,
            -0.19291871786117554,
            -0.36169514060020447
        ],
        [
            -0.8635001182556152,
            0.19291871786117554,
            0.4659935235977173,
            -0.3195001184940338
        ]
    ],
    "scale": 0.19801691510307276
}