{
  "experiment_name": "stump-pns-blue-noise-percent-15",
  "method_name": "nerfacto",
  "checkpoint": "outputs\\stump-pns-blue-noise-percent-15\\nerfacto\\2024-01-08_015522\\nerfstudio_models\\step-000014999.ckpt",
  "results": {
    "psnr": 20.94795799255371,
    "psnr_std": 1.2474303245544434,
    "ssim": 0.6095035672187805,
    "ssim_std": 0.04578341916203499,
    "lpips": 0.5835327506065369,
    "lpips_std": 0.03413217142224312,
    "num_rays_per_sec": 750331.625,
    "num_rays_per_sec_std": 21477.955078125,
    "fps": 0.1247226744890213,
    "fps_std": 0.0035701373126357794
  }
}