{
  "experiment_name": "stump-pns-green-noise-percent-25",
  "method_name": "nerfacto",
  "checkpoint": "outputs\\stump-pns-green-noise-percent-25\\nerfacto\\2024-01-08_030915\\nerfstudio_models\\step-000014999.ckpt",
  "results": {
    "psnr": 19.866559982299805,
    "psnr_std": 0.9306367039680481,
    "ssim": 0.5765840411186218,
    "ssim_std": 0.049842219799757004,
    "lpips": 0.7587862014770508,
    "lpips_std": 0.0298727098852396,
    "num_rays_per_sec": 748895.0,
    "num_rays_per_sec_std": 21947.232421875,
    "fps": 0.1244838759303093,
    "fps_std": 0.003648144891485572
  }
}