{
  "experiment_name": "stump-pns-red-noise-percent-20",
  "method_name": "nerfacto",
  "checkpoint": "outputs\\stump-pns-red-noise-percent-20\\nerfacto\\2024-01-08_040048\\nerfstudio_models\\step-000014999.ckpt",
  "results": {
    "psnr": 20.58257293701172,
    "psnr_std": 1.123983383178711,
    "ssim": 0.5967063903808594,
    "ssim_std": 0.04835475981235504,
    "lpips": 0.6615341901779175,
    "lpips_std": 0.03727228567004204,
    "num_rays_per_sec": 761385.125,
    "num_rays_per_sec_std": 22389.572265625,
    "fps": 0.1265600174665451,
    "fps_std": 0.003721671411767602
  }
}