{
  "experiment_name": "stump-gamma-35",
  "method_name": "nerfacto",
  "checkpoint": "outputs\\stump-gamma-35\\nerfacto\\2024-01-14_022842\\nerfstudio_models\\step-000014999.ckpt",
  "results": {
    "psnr": 21.94118881225586,
    "psnr_std": 1.6518127918243408,
    "ssim": 0.6226209402084351,
    "ssim_std": 0.04852038249373436,
    "lpips": 0.5471698045730591,
    "lpips_std": 0.0448794811964035,
    "num_rays_per_sec": 749169.4375,
    "num_rays_per_sec_std": 21825.666015625,
    "fps": 0.12452949583530426,
    "fps_std": 0.003627937287092209
  }
}