{
  "experiment_name": "stump-pns-blue-noise-percent-10",
  "method_name": "nerfacto",
  "checkpoint": "outputs\\stump-pns-blue-noise-percent-10\\nerfacto\\2024-01-08_014759\\nerfstudio_models\\step-000014999.ckpt",
  "results": {
    "psnr": 21.305479049682617,
    "psnr_std": 1.529330849647522,
    "ssim": 0.6181662082672119,
    "ssim_std": 0.04693632200360298,
    "lpips": 0.5586584210395813,
    "lpips_std": 0.036544907838106155,
    "num_rays_per_sec": 761498.5,
    "num_rays_per_sec_std": 21738.75,
    "fps": 0.12657888233661652,
    "fps_std": 0.0036134894471615553
  }
}