{
  "experiment_name": "stump-pns-red-noise-percent-15",
  "method_name": "nerfacto",
  "checkpoint": "outputs\\stump-pns-red-noise-percent-15\\nerfacto\\2024-01-08_035326\\nerfstudio_models\\step-000014999.ckpt",
  "results": {
    "psnr": 20.967599868774414,
    "psnr_std": 1.2786093950271606,
    "ssim": 0.6026505827903748,
    "ssim_std": 0.04924501106142998,
    "lpips": 0.6388733386993408,
    "lpips_std": 0.03938553109765053,
    "num_rays_per_sec": 751349.3125,
    "num_rays_per_sec_std": 21743.25,
    "fps": 0.12489183992147446,
    "fps_std": 0.0036142354365438223
  }
}