{
  "experiment_name": "stump",
  "method_name": "nerfacto",
  "checkpoint": "outputs\\stump\\nerfacto\\2024-01-07_040701\\nerfstudio_models\\step-000014999.ckpt",
  "results": {
    "psnr": 20.35930061340332,
    "psnr_std": 1.5640734434127808,
    "ssim": 0.5679094195365906,
    "ssim_std": 0.059540364891290665,
    "lpips": 0.5398058295249939,
    "lpips_std": 0.038370899856090546,
    "num_rays_per_sec": 747229.375,
    "num_rays_per_sec_std": 13287.8115234375,
    "fps": 0.1242070123553276,
    "fps_std": 0.0022087458055466413
  }
}