{
  "experiment_name": "stump",
  "method_name": "nerfacto",
  "checkpoint": "outputs\\stump\\nerfacto\\2024-01-07_021029\\nerfstudio_models\\step-000014999.ckpt",
  "results": {
    "psnr": 21.543737411499023,
    "psnr_std": 1.5779494047164917,
    "ssim": 0.6083009839057922,
    "ssim_std": 0.048760343343019485,
    "lpips": 0.5596023797988892,
    "lpips_std": 0.04472682997584343,
    "num_rays_per_sec": 763004.125,
    "num_rays_per_sec_std": 12117.34765625,
    "fps": 0.1268291473388672,
    "fps_std": 0.002014185767620802
  }
}