{
    "transform": [
        [
            0.403739333152771,
            0.13273729383945465,
            0.905193567276001,
            -0.3545421361923218
        ],
        [
            0.13273729383945465,
            0.9704505205154419,
            -0.20151075720787048,
            -0.1430581957101822
        ],
        [
            -0.905193567276001,
            0.20151075720787048,
            0.3741898536682129,
            -0.28602418303489685
        ]
    ],
    "scale": 0.1999082985957865
}