{
  "experiment_name": "stump-pns-green-noise-percent-30",
  "method_name": "nerfacto",
  "checkpoint": "outputs\\stump-pns-green-noise-percent-30\\nerfacto\\2024-01-08_031640\\nerfstudio_models\\step-000014999.ckpt",
  "results": {
    "psnr": 19.48226547241211,
    "psnr_std": 0.8829997181892395,
    "ssim": 0.5700737833976746,
    "ssim_std": 0.0500778965651989,
    "lpips": 0.7840345501899719,
    "lpips_std": 0.026347458362579346,
    "num_rays_per_sec": 755644.0,
    "num_rays_per_sec_std": 22800.302734375,
    "fps": 0.1256057173013687,
    "fps_std": 0.0037899413146078587
  }
}