{
  "experiment_name": "stump-pns-red-noise-percent-30",
  "method_name": "nerfacto",
  "checkpoint": "outputs\\stump-pns-red-noise-percent-30\\nerfacto\\2024-01-08_041531\\nerfstudio_models\\step-000014999.ckpt",
  "results": {
    "psnr": 19.266357421875,
    "psnr_std": 0.8912009000778198,
    "ssim": 0.5864336490631104,
    "ssim_std": 0.04910799115896225,
    "lpips": 0.7157143354415894,
    "lpips_std": 0.03847087547183037,
    "num_rays_per_sec": 757348.4375,
    "num_rays_per_sec_std": 22619.53125,
    "fps": 0.12588903307914734,
    "fps_std": 0.003759894287213683
  }
}