{
    "transform": [
        [
            0.49634772539138794,
            0.10878454893827438,
            0.8612809181213379,
            0.14032438397407532
        ],
        [
            0.10878454893827438,
            0.9765034914016724,
            -0.18602927029132843,
            -0.33255070447921753
        ],
        [
            -0.8612809181213379,
            0.18602927029132843,
            0.4728512167930603,
            -0.24914811551570892
        ]
    ],
    "scale": 0.1923323379304798
}