{
    "transform": [
        [
            0.6054235696792603,
            0.13467662036418915,
            0.784426212310791,
            0.6848876476287842
        ],
        [
            0.13467662036418915,
            0.9540322422981262,
            -0.2677399516105652,
            -0.24889199435710907
        ],
        [
            -0.784426212310791,
            0.2677399516105652,
            0.5594558119773865,
            -1.5338290929794312
        ]
    ],
    "scale": 0.21946559553172387
}