{
    "transform": [
        [
            0.482937216758728,
            0.10986615717411041,
            0.8687353730201721,
            0.1368313431739807
        ],
        [
            0.10986615717411041,
            0.9766554832458496,
            -0.18458998203277588,
            -0.4204423427581787
        ],
        [
            -0.8687353730201721,
            0.18458998203277588,
            0.45959270000457764,
            -0.29752904176712036
        ]
    ],
    "scale": 0.21509944012555893
}