{
  "experiment_name": "stump",
  "method_name": "instant-ngp",
  "checkpoint": "outputs_missing_ngp_opt_on\\stump\\instant-ngp\\2024-03-17_033955\\nerfstudio_models\\step-000014999.ckpt",
  "results": {
    "psnr": 18.49753189086914,
    "psnr_std": 0.9823393225669861,
    "ssim": 0.5272308588027954,
    "ssim_std": 0.05379146337509155,
    "lpips": 0.7668972611427307,
    "lpips_std": 0.03392490744590759,
    "num_rays_per_sec": 118976.0390625,
    "num_rays_per_sec_std": 50720.94140625,
    "fps": 0.01977660320699215,
    "fps_std": 0.008431008085608482
  }
}