{
  "experiment_name": "stump-saturation-std-0",
  "method_name": "instant-ngp",
  "checkpoint": "outputs\\stump-saturation-std-0\\instant-ngp\\2024-02-29_122757\\nerfstudio_models\\step-000014999.ckpt",
  "results": {
    "psnr": 21.65253257751465,
    "psnr_std": 1.4864473342895508,
    "ssim": 0.6504831314086914,
    "ssim_std": 0.04128628969192505,
    "lpips": 0.48103567957878113,
    "lpips_std": 0.026511086151003838,
    "num_rays_per_sec": 301402.75,
    "num_rays_per_sec_std": 116011.3671875,
    "fps": 0.05010019242763519,
    "fps_std": 0.019283803179860115
  }
}