{
  "experiment_name": "stump-saturation-std-0",
  "method_name": "instant-ngp",
  "checkpoint": "outputs\\stump-saturation-std-0\\instant-ngp\\2024-02-29_122012\\nerfstudio_models\\step-000014999.ckpt",
  "results": {
    "psnr": 21.52765464782715,
    "psnr_std": 1.624305009841919,
    "ssim": 0.6438642144203186,
    "ssim_std": 0.04405198618769646,
    "lpips": 0.4925348460674286,
    "lpips_std": 0.03052261285483837,
    "num_rays_per_sec": 157149.390625,
    "num_rays_per_sec_std": 85754.3046875,
    "fps": 0.02612190507352352,
    "fps_std": 0.0142543725669384
  }
}