{
  "experiment_name": "stump-pns-red-noise-percent-25",
  "method_name": "instant-ngp",
  "checkpoint": "outputs\\stump-pns-red-noise-percent-25\\instant-ngp\\2024-02-29_093412\\nerfstudio_models\\step-000014999.ckpt",
  "results": {
    "psnr": 19.545312881469727,
    "psnr_std": 0.9266112446784973,
    "ssim": 0.591865062713623,
    "ssim_std": 0.048893414437770844,
    "lpips": 0.6650559902191162,
    "lpips_std": 0.02850433997809887,
    "num_rays_per_sec": 276022.59375,
    "num_rays_per_sec_std": 115397.296875,
    "fps": 0.04588141664862633,
    "fps_std": 0.019181732088327408
  }
}