{
  "experiment_name": "stump-saturation-std-0",
  "method_name": "instant-ngp",
  "checkpoint": "outputs\\stump-saturation-std-0\\instant-ngp\\2024-02-29_123548\\nerfstudio_models\\step-000014999.ckpt",
  "results": {
    "psnr": 21.448820114135742,
    "psnr_std": 1.567972183227539,
    "ssim": 0.6472018361091614,
    "ssim_std": 0.04183628410100937,
    "lpips": 0.48394641280174255,
    "lpips_std": 0.028010260313749313,
    "num_rays_per_sec": 132699.328125,
    "num_rays_per_sec_std": 37232.7890625,
    "fps": 0.022057732567191124,
    "fps_std": 0.006188960280269384
  }
}