{
  "experiment_name": "stump-saturation-std-0",
  "method_name": "instant-ngp",
  "checkpoint": "outputs\\stump-saturation-std-0\\instant-ngp\\2024-02-29_130917\\nerfstudio_models\\step-000014999.ckpt",
  "results": {
    "psnr": 21.157588958740234,
    "psnr_std": 1.258856177330017,
    "ssim": 0.6361459493637085,
    "ssim_std": 0.04121317341923714,
    "lpips": 0.5164335370063782,
    "lpips_std": 0.027822233736515045,
    "num_rays_per_sec": 97057.9609375,
    "num_rays_per_sec_std": 84959.7109375,
    "fps": 0.016133304685354233,
    "fps_std": 0.014122292399406433
  }
}