{
  "experiment_name": "stump-range-70",
  "method_name": "instant-ngp",
  "checkpoint": "outputs\\stump-range-70\\instant-ngp\\2024-02-29_110717\\nerfstudio_models\\step-000014999.ckpt",
  "results": {
    "psnr": 20.001541137695312,
    "psnr_std": 1.8351904153823853,
    "ssim": 0.590519905090332,
    "ssim_std": 0.04993825405836105,
    "lpips": 0.5461466312408447,
    "lpips_std": 0.04116321727633476,
    "num_rays_per_sec": 145419.609375,
    "num_rays_per_sec_std": 65520.72265625,
    "fps": 0.024172142148017883,
    "fps_std": 0.010891078040003777
  }
}