{
  "experiment_name": "stump",
  "method_name": "instant-ngp",
  "checkpoint": "outputs\\stump\\instant-ngp\\2024-02-26_014956\\nerfstudio_models\\step-000014999.ckpt",
  "results": {
    "psnr": 18.572351455688477,
    "psnr_std": 1.0468242168426514,
    "ssim": 0.5307512283325195,
    "ssim_std": 0.052074871957302094,
    "lpips": 0.7565976977348328,
    "lpips_std": 0.0351962186396122,
    "num_rays_per_sec": 302491.5625,
    "num_rays_per_sec_std": 93660.1015625,
    "fps": 0.05028117820620537,
    "fps_std": 0.015568500384688377
  }
}