{
  "experiment_name": "stump-pns-red-noise-percent-15",
  "method_name": "instant-ngp",
  "checkpoint": "outputs\\stump-pns-red-noise-percent-15\\instant-ngp\\2024-02-26_095623\\nerfstudio_models\\step-000014999.ckpt",
  "results": {
    "psnr": 20.45254135131836,
    "psnr_std": 1.1876306533813477,
    "ssim": 0.6011267900466919,
    "ssim_std": 0.04886911064386368,
    "lpips": 0.6184841990470886,
    "lpips_std": 0.029019907116889954,
    "num_rays_per_sec": 293148.40625,
    "num_rays_per_sec_std": 90804.625,
    "fps": 0.04872812703251839,
    "fps_std": 0.015093854628503323
  }
}