{
  "experiment_name": "stump",
  "method_name": "instant-ngp",
  "checkpoint": "outputs\\stump\\instant-ngp\\2024-02-26_011202\\nerfstudio_models\\step-000014999.ckpt",
  "results": {
    "psnr": 20.88113784790039,
    "psnr_std": 1.417799711227417,
    "ssim": 0.5846818089485168,
    "ssim_std": 0.051810123026371,
    "lpips": 0.6616299748420715,
    "lpips_std": 0.043565284460783005,
    "num_rays_per_sec": 148611.953125,
    "num_rays_per_sec_std": 43217.87890625,
    "fps": 0.024702785536646843,
    "fps_std": 0.007183822803199291
  }
}