{
  "experiment_name": "stump-every-4",
  "method_name": "instant-ngp",
  "checkpoint": "outputs\\stump-every-4\\instant-ngp\\2024-02-26_153050\\nerfstudio_models\\step-000014999.ckpt",
  "results": {
    "psnr": 21.022369384765625,
    "psnr_std": 1.4408485889434814,
    "ssim": 0.6204988360404968,
    "ssim_std": 0.04692206531763077,
    "lpips": 0.5267524719238281,
    "lpips_std": 0.033043913543224335,
    "num_rays_per_sec": 189894.6875,
    "num_rays_per_sec_std": 94495.25,
    "fps": 0.03156494349241257,
    "fps_std": 0.01570732332766056
  }
}