{
  "experiment_name": "stump-range-50",
  "method_name": "nerfacto",
  "checkpoint": "outputs\\stump-range-50\\nerfacto\\2024-01-08_052125\\nerfstudio_models\\step-000014999.ckpt",
  "results": {
    "psnr": 19.08203887939453,
    "psnr_std": 1.6481412649154663,
    "ssim": 0.5286818146705627,
    "ssim_std": 0.05679701268672943,
    "lpips": 0.5752091407775879,
    "lpips_std": 0.06224092096090317,
    "num_rays_per_sec": 745666.375,
    "num_rays_per_sec_std": 22161.205078125,
    "fps": 0.12394720315933228,
    "fps_std": 0.0036837109364569187
  }
}