{
  "experiment_name": "stump",
  "method_name": "nerfacto",
  "checkpoint": "outputs\\stump\\nerfacto\\2024-01-07_030456\\nerfstudio_models\\step-000014999.ckpt",
  "results": {
    "psnr": 19.214218139648438,
    "psnr_std": 1.0590341091156006,
    "ssim": 0.543518602848053,
    "ssim_std": 0.05035216361284256,
    "lpips": 0.7199199199676514,
    "lpips_std": 0.03555998206138611,
    "num_rays_per_sec": 743287.0,
    "num_rays_per_sec_std": 11835.9296875,
    "fps": 0.12355169653892517,
    "fps_std": 0.001967409159988165
  }
}