{
  "experiment_name": "stump-range-100",
  "method_name": "nerfacto",
  "checkpoint": "outputs\\stump-range-100\\nerfacto\\2024-01-08_045235\\nerfstudio_models\\step-000014999.ckpt",
  "results": {
    "psnr": 19.743825912475586,
    "psnr_std": 1.2455707788467407,
    "ssim": 0.5506407022476196,
    "ssim_std": 0.05580110102891922,
    "lpips": 0.5302047729492188,
    "lpips_std": 0.04783425107598305,
    "num_rays_per_sec": 748625.625,
    "num_rays_per_sec_std": 22647.197265625,
    "fps": 0.12443909794092178,
    "fps_std": 0.0037644952535629272
  }
}