{
  "experiment_name": "stump",
  "method_name": "nerfacto",
  "checkpoint": "outputs\\stump\\nerfacto\\2024-01-07_054012\\nerfstudio_models\\step-000014999.ckpt",
  "results": {
    "psnr": 20.911989212036133,
    "psnr_std": 1.4874613285064697,
    "ssim": 0.5882568359375,
    "ssim_std": 0.0531543605029583,
    "lpips": 0.5492370128631592,
    "lpips_std": 0.04196634516119957,
    "num_rays_per_sec": 741655.0,
    "num_rays_per_sec_std": 14813.455078125,
    "fps": 0.12328042089939117,
    "fps_std": 0.002462344476953149
  }
}