{
  "experiment_name": "stump",
  "method_name": "nerfacto",
  "checkpoint": "outputs\\stump\\nerfacto\\2024-01-07_050902\\nerfstudio_models\\step-000014999.ckpt",
  "results": {
    "psnr": 14.29322624206543,
    "psnr_std": 1.4111368656158447,
    "ssim": 0.4701099097728729,
    "ssim_std": 0.061388131231069565,
    "lpips": 0.790627121925354,
    "lpips_std": 0.05784167721867561,
    "num_rays_per_sec": 744355.5625,
    "num_rays_per_sec_std": 12135.009765625,
    "fps": 0.12372931092977524,
    "fps_std": 0.002017122693359852
  }
}