{
  "experiment_name": "stump-saturation-std-0",
  "method_name": "nerfacto",
  "checkpoint": "outputs\\stump-saturation-std-0\\nerfacto\\2024-01-08_064123\\nerfstudio_models\\step-000014999.ckpt",
  "results": {
    "psnr": 21.00484275817871,
    "psnr_std": 1.4546304941177368,
    "ssim": 0.6231448650360107,
    "ssim_std": 0.04476502165198326,
    "lpips": 0.5338191390037537,
    "lpips_std": 0.034837234765291214,
    "num_rays_per_sec": 760170.125,
    "num_rays_per_sec_std": 22724.51171875,
    "fps": 0.1263580620288849,
    "fps_std": 0.003777346108108759
  }
}