{
  "experiment_name": "stump",
  "method_name": "nerfacto",
  "checkpoint": "outputs\\stump\\nerfacto\\2024-03-07_003553\\nerfstudio_models\\step-000014999.ckpt",
  "results": {
    "psnr": 20.38558006286621,
    "psnr_std": 1.243441104888916,
    "ssim": 0.5662851929664612,
    "ssim_std": 0.05151999741792679,
    "lpips": 0.6892033815383911,
    "lpips_std": 0.044012729078531265,
    "num_rays_per_sec": 753472.0,
    "num_rays_per_sec_std": 11033.10546875,
    "fps": 0.12524467706680298,
    "fps_std": 0.0018339609960094094
  }
}