{
  "experiment_name": "stump-pns-blue-noise-percent-35",
  "method_name": "nerfacto",
  "checkpoint": "outputs\\stump-pns-blue-noise-percent-35\\nerfacto\\2024-03-07_063247\\nerfstudio_models\\step-000014999.ckpt",
  "results": {
    "psnr": 19.22860336303711,
    "psnr_std": 0.9208587408065796,
    "ssim": 0.6322147846221924,
    "ssim_std": 0.043021321296691895,
    "lpips": 0.5685063004493713,
    "lpips_std": 0.03151421621441841,
    "num_rays_per_sec": 758081.875,
    "num_rays_per_sec_std": 22160.666015625,
    "fps": 0.1260109394788742,
    "fps_std": 0.003683622693642974
  }
}