{
  "experiment_name": "stump-pns-green-noise-percent-20",
  "method_name": "nerfacto",
  "checkpoint": "outputs\\stump-pns-green-noise-percent-20\\nerfacto\\2024-03-07_070613\\nerfstudio_models\\step-000014999.ckpt",
  "results": {
    "psnr": 20.4033260345459,
    "psnr_std": 1.1831328868865967,
    "ssim": 0.5972005724906921,
    "ssim_std": 0.04868099465966225,
    "lpips": 0.6666265726089478,
    "lpips_std": 0.03566416725516319,
    "num_rays_per_sec": 755566.875,
    "num_rays_per_sec_std": 21552.5625,
    "fps": 0.125592902302742,
    "fps_std": 0.0035825397353619337
  }
}