{
  "experiment_name": "stump-offset-every-8",
  "method_name": "nerfacto",
  "checkpoint": "outputs\\stump-offset-every-8\\nerfacto\\2024-01-29_133550\\nerfstudio_models\\step-000014999.ckpt",
  "results": {
    "psnr": 11.805046081542969,
    "psnr_std": 1.3374576568603516,
    "ssim": 0.4139256179332733,
    "ssim_std": 0.059907592833042145,
    "lpips": 0.8909238576889038,
    "lpips_std": 0.07071913033723831,
    "num_rays_per_sec": 745661.9375,
    "num_rays_per_sec_std": 30631.9140625,
    "fps": 0.12394646555185318,
    "fps_std": 0.005091741681098938
  }
}