{
    "transform": [
        [
            0.470849871635437,
            0.11083151400089264,
            0.8752238750457764,
            -0.08806325495243073
        ],
        [
            0.11083151400089264,
            0.9767861366271973,
            -0.18331731855869293,
            -0.05466797947883606
        ],
        [
            -0.8752238750457764,
            0.18331731855869293,
            0.4476360082626343,
            0.34319669008255005
        ]
    ],
    "scale": 0.20468230767308798
}