{
    "transform": [
        [
            0.495957612991333,
            0.10887392610311508,
            0.8614943623542786,
            0.11490367352962494
        ],
        [
            0.10887392610311508,
            0.9764830470085144,
            -0.1860840916633606,
            -0.3500169515609741
        ],
        [
            -0.8614943623542786,
            0.1860840916633606,
            0.4724406599998474,
            -0.2604682445526123
        ]
    ],
    "scale": 0.19995411971931032
}