{
    "transform": [
        [
            0.4947115182876587,
            0.11084990948438644,
            0.8619587421417236,
            0.13355889916419983
        ],
        [
            0.11084990948438644,
            0.9756817817687988,
            -0.18909601867198944,
            -0.3368225693702698
        ],
        [
            -0.8619587421417236,
            0.18909601867198944,
            0.4703933000564575,
            -0.2672889232635498
        ]
    ],
    "scale": 0.19201038337400325
}