{
    "transform": [
        [
            0.4643990993499756,
            0.12644630670547485,
            0.8765528202056885,
            0.3853458762168884
        ],
        [
            0.12644630670547485,
            0.9701481461524963,
            -0.20693928003311157,
            -0.06853823363780975
        ],
        [
            -0.8765528202056885,
            0.20693928003311157,
            0.4345473051071167,
            -0.5061032772064209
        ]
    ],
    "scale": 0.19582335417824723
}