{
  "experiment_name": "lego-pns-green-noise-percent-10",
  "method_name": "nerfacto",
  "checkpoint": "outputs\\lego-pns-green-noise-percent-10\\nerfacto\\2024-03-10_001835\\nerfstudio_models\\step-000014999.ckpt",
  "results": {
    "psnr": 21.260868072509766,
    "psnr_std": 1.6300002336502075,
    "ssim": 0.8044845461845398,
    "ssim_std": 0.033420879393815994,
    "lpips": 0.11599390208721161,
    "lpips_std": 0.02068602293729782,
    "num_rays_per_sec": 768170.0625,
    "num_rays_per_sec_std": 44156.953125,
    "fps": 1.2002657651901245,
    "fps_std": 0.06899524480104446
  }
}