{
  "experiment_name": "lego",
  "method_name": "nerfacto",
  "checkpoint": "/content/drive/MyDrive/master/outputs_nerfacto_opt_on/lego/nerfacto/2024-03-03_042827/nerfstudio_models/step-000014999.ckpt",
  "results": {
    "psnr": 20.684207916259766,
    "psnr_std": 1.5661240816116333,
    "ssim": 0.7899740934371948,
    "ssim_std": 0.03674847260117531,
    "lpips": 0.14508894085884094,
    "lpips_std": 0.028709350153803825,
    "num_rays_per_sec": 271047.4375,
    "num_rays_per_sec_std": 4636.345703125,
    "fps": 0.4235116243362427,
    "fps_std": 0.007244292180985212
  }
}