{
  "experiment_name": "stump",
  "method_name": "nerfacto",
  "checkpoint": "outputs\\stump\\nerfacto\\2024-03-07_032528\\nerfstudio_models\\step-000014999.ckpt",
  "results": {
    "psnr": 13.4015474319458,
    "psnr_std": 1.071631908416748,
    "ssim": 0.4787181615829468,
    "ssim_std": 0.05745059996843338,
    "lpips": 0.8692870736122131,
    "lpips_std": 0.04665620997548103,
    "num_rays_per_sec": 759091.5,
    "num_rays_per_sec_std": 11198.8603515625,
    "fps": 0.1261787712574005,
    "fps_std": 0.0018615127773955464
  }
}