{
  "experiment_name": "stump",
  "method_name": "nerfacto",
  "checkpoint": "outputs\\stump\\nerfacto\\2024-03-07_021737\\nerfstudio_models\\step-000014999.ckpt",
  "results": {
    "psnr": 18.573162078857422,
    "psnr_std": 1.1100856065750122,
    "ssim": 0.5113211274147034,
    "ssim_std": 0.06080033257603645,
    "lpips": 0.7312344908714294,
    "lpips_std": 0.03287042677402496,
    "num_rays_per_sec": 745152.0625,
    "num_rays_per_sec_std": 11954.728515625,
    "fps": 0.12386170774698257,
    "fps_std": 0.001987157156690955
  }
}