{
  "experiment_name": "stump",
  "method_name": "nerfacto",
  "checkpoint": "outputs\\stump\\nerfacto\\2024-03-07_023121\\nerfstudio_models\\step-000014999.ckpt",
  "results": {
    "psnr": 17.15707015991211,
    "psnr_std": 1.4084560871124268,
    "ssim": 0.4698517918586731,
    "ssim_std": 0.0769403874874115,
    "lpips": 0.7245702147483826,
    "lpips_std": 0.030139388516545296,
    "num_rays_per_sec": 743942.1875,
    "num_rays_per_sec_std": 11019.5537109375,
    "fps": 0.1236606016755104,
    "fps_std": 0.0018317089416086674
  }
}