{
    "transform": [
        [
            0.4875035881996155,
            0.10910327732563019,
            0.8662775158882141,
            0.10375504195690155
        ],
        [
            0.10910327732563019,
            0.9767734408378601,
            -0.18441829085350037,
            -0.3424738049507141
        ],
        [
            -0.8662775158882141,
            0.18441829085350037,
            0.4642770290374756,
            -0.3515265882015228
        ]
    ],
    "scale": 0.1912337751452592
}