{
  "experiment_name": "lego",
  "method_name": "instant-ngp",
  "checkpoint": "C:\\Stuff\\Dataset-creation\\notebooks\\outputs_ngp_lego_opt_on\\lego\\instant-ngp\\2024-03-04_102401\\nerfstudio_models\\step-000014999.ckpt",
  "results": {
    "psnr": 11.48630142211914,
    "psnr_std": 1.2000807523727417,
    "ssim": 0.6159358024597168,
    "ssim_std": 0.0499231293797493,
    "lpips": 0.5001429915428162,
    "lpips_std": 0.05386471375823021,
    "num_rays_per_sec": 560597.375,
    "num_rays_per_sec_std": 42658.46484375,
    "fps": 0.8759334087371826,
    "fps_std": 0.06665384769439697
  }
}