{
  "experiment_name": "lego",
  "method_name": "instant-ngp",
  "checkpoint": "C:\\Stuff\\Dataset-creation\\notebooks\\outputs_ngp_lego_opt_on\\lego\\instant-ngp\\2024-03-04_110830\\nerfstudio_models\\step-000014999.ckpt",
  "results": {
    "psnr": 10.66617202758789,
    "psnr_std": 1.071596384048462,
    "ssim": 0.583060622215271,
    "ssim_std": 0.06126430258154869,
    "lpips": 0.5449919104576111,
    "lpips_std": 0.05842522904276848,
    "num_rays_per_sec": 539330.75,
    "num_rays_per_sec_std": 28041.935546875,
    "fps": 0.8427043557167053,
    "fps_std": 0.04381552338600159
  }
}