{
  "experiment_name": "lego",
  "method_name": "instant-ngp",
  "checkpoint": "C:\\Stuff\\Dataset-creation\\notebooks\\outputs_ngp_lego_opt_on\\lego\\instant-ngp\\2024-03-04_125220\\nerfstudio_models\\step-000014999.ckpt",
  "results": {
    "psnr": 10.58927059173584,
    "psnr_std": 1.0930362939834595,
    "ssim": 0.5863956809043884,
    "ssim_std": 0.06085590645670891,
    "lpips": 0.5380062460899353,
    "lpips_std": 0.06244434043765068,
    "num_rays_per_sec": 536739.3125,
    "num_rays_per_sec_std": 28241.580078125,
    "fps": 0.8386551141738892,
    "fps_std": 0.04412746801972389
  }
}