{
  "experiment_name": "lego-noise-std-128",
  "method_name": "instant-ngp",
  "checkpoint": "C:\\Stuff\\Dataset-creation\\notebooks\\outputs_ngp_lego_opt_on_degr\\lego-noise-std-128\\instant-ngp\\2024-03-25_082431\\nerfstudio_models\\step-000014999.ckpt",
  "results": {
    "psnr": 14.252031326293945,
    "psnr_std": 0.9673062562942505,
    "ssim": 0.5498676896095276,
    "ssim_std": 0.03981836885213852,
    "lpips": 0.5614104270935059,
    "lpips_std": 0.04435722157359123,
    "num_rays_per_sec": 772555.0,
    "num_rays_per_sec_std": 143061.640625,
    "fps": 1.2071170806884766,
    "fps_std": 0.22353380918502808
  }
}