{
  "experiment_name": "lego-pns-red-noise-percent-20",
  "method_name": "instant-ngp",
  "checkpoint": "C:\\Stuff\\Dataset-creation\\notebooks\\outputs_ngp_lego_opt_on_degr\\lego-pns-red-noise-percent-20\\instant-ngp\\2024-03-25_113840\\nerfstudio_models\\step-000014999.ckpt",
  "results": {
    "psnr": 19.623912811279297,
    "psnr_std": 4.21251916885376,
    "ssim": 0.8339356780052185,
    "ssim_std": 0.07113511115312576,
    "lpips": 0.23921863734722137,
    "lpips_std": 0.1031501367688179,
    "num_rays_per_sec": 482166.15625,
    "num_rays_per_sec_std": 146353.359375,
    "fps": 0.7533846497535706,
    "fps_std": 0.22867712378501892
  }
}