{
  "experiment_name": "lego-pns-blue-noise-percent-15",
  "method_name": "instant-ngp",
  "checkpoint": "C:\\Stuff\\Dataset-creation\\notebooks\\outputs_ngp_lego_opt_on_degr\\lego-pns-blue-noise-percent-15\\instant-ngp\\2024-03-25_092225\\nerfstudio_models\\step-000014999.ckpt",
  "results": {
    "psnr": 19.802928924560547,
    "psnr_std": 4.684314727783203,
    "ssim": 0.8283318281173706,
    "ssim_std": 0.08015421032905579,
    "lpips": 0.22073252499103546,
    "lpips_std": 0.12301423400640488,
    "num_rays_per_sec": 891093.0,
    "num_rays_per_sec_std": 181585.625,
    "fps": 1.3923327922821045,
    "fps_std": 0.2837275564670563
  }
}