{
  "experiment_name": "lego-every-7",
  "method_name": "instant-ngp",
  "checkpoint": "C:\\Stuff\\Dataset-creation\\notebooks\\outputs_ngp_lego_opt_on_degr\\lego-every-7\\instant-ngp\\2024-03-25_130351\\nerfstudio_models\\step-000014999.ckpt",
  "results": {
    "psnr": 9.599591255187988,
    "psnr_std": 1.7887096405029297,
    "ssim": 0.5343607068061829,
    "ssim_std": 0.08887044340372086,
    "lpips": 0.6382082104682922,
    "lpips_std": 0.12188003957271576,
    "num_rays_per_sec": 531534.9375,
    "num_rays_per_sec_std": 48224.87890625,
    "fps": 0.8305233716964722,
    "fps_std": 0.07535137236118317
  }
}