{
  "experiment_name": "lego-noise-std-96",
  "method_name": "instant-ngp",
  "checkpoint": "C:\\Stuff\\Dataset-creation\\notebooks\\outputs_ngp_lego_opt_on_degr\\lego-noise-std-96\\instant-ngp\\2024-03-25_090745\\nerfstudio_models\\step-000014999.ckpt",
  "results": {
    "psnr": 14.491456985473633,
    "psnr_std": 1.7035495042800903,
    "ssim": 0.5508661270141602,
    "ssim_std": 0.07184121012687683,
    "lpips": 0.5751546621322632,
    "lpips_std": 0.08355139195919037,
    "num_rays_per_sec": 377628.65625,
    "num_rays_per_sec_std": 126506.0625,
    "fps": 0.5900447368621826,
    "fps_std": 0.1976657211780548
  }
}