{
  "experiment_name": "lego-pns-green-noise-percent-10",
  "method_name": "instant-ngp",
  "checkpoint": "C:\\Stuff\\Dataset-creation\\notebooks\\outputs_ngp_lego_opt_on_degr\\lego-pns-green-noise-percent-10\\instant-ngp\\2024-03-25_101906\\nerfstudio_models\\step-000014999.ckpt",
  "results": {
    "psnr": 20.717853546142578,
    "psnr_std": 4.738465309143066,
    "ssim": 0.8609970808029175,
    "ssim_std": 0.06609930843114853,
    "lpips": 0.21268340945243835,
    "lpips_std": 0.10600406676530838,
    "num_rays_per_sec": 830685.4375,
    "num_rays_per_sec_std": 186036.671875,
    "fps": 1.2979459762573242,
    "fps_std": 0.290682315826416
  }
}