{
    "transform": [
        [
            0.4438435435295105,
            0.09176011383533478,
            0.8913938403129578,
            0.0025874413549900055
        ],
        [
            0.09176011383533478,
            0.9848605394363403,
            -0.14707084000110626,
            -0.8670089244842529
        ],
        [
            -0.8913938403129578,
            0.14707084000110626,
            0.42870408296585083,
            -0.17846567928791046
        ]
    ],
    "scale": 0.19065552017274665
}