{
    "transform": [
        [
            0.473713219165802,
            0.12712280452251434,
            0.8714560866355896,
            0.015964850783348083
        ],
        [
            0.12712280452251434,
            0.9692938923835754,
            -0.21049728989601135,
            -0.24982839822769165
        ],
        [
            -0.8714560866355896,
            0.21049728989601135,
            0.4430071711540222,
            -0.45424461364746094
        ]
    ],
    "scale": 0.18752807799171897
}