{
    "transform": [
        [
            0.5085665583610535,
            0.0988370031118393,
            0.8553311824798584,
            0.07425574958324432
        ],
        [
            0.0988370031118393,
            0.980121910572052,
            -0.17202404141426086,
            -0.2135009765625
        ],
        [
            -0.8553311824798584,
            0.17202404141426086,
            0.48868846893310547,
            0.03912040963768959
        ]
    ],
    "scale": 0.19905850348659349
}