{
    "transform": [
        [
            0.5256444215774536,
            0.10811924189329147,
            0.8438057899475098,
            0.2512798607349396
        ],
        [
            0.10811924189329147,
            0.9753565192222595,
            -0.1923275589942932,
            -0.31565552949905396
        ],
        [
            -0.8438057899475098,
            0.1923275589942932,
            0.5010010004043579,
            0.07292100042104721
        ]
    ],
    "scale": 0.20705201417290245
}