{
    "transform": [
        [
            0.4920194745063782,
            0.10361181944608688,
            0.8643965721130371,
            0.08582969754934311
        ],
        [
            0.10361181944608688,
            0.9788665175437927,
            -0.17630931735038757,
            -0.3921337127685547
        ],
        [
            -0.8643965721130371,
            0.17630931735038757,
            0.4708859920501709,
            -0.2302505224943161
        ]
    ],
    "scale": 0.1907619856837912
}