{
  "experiment_name": "stump-pns-blue-noise-percent-10",
  "method_name": "instant-ngp",
  "checkpoint": "outputs\\stump-pns-blue-noise-percent-10\\instant-ngp\\2024-02-26_073501\\nerfstudio_models\\step-000014999.ckpt",
  "results": {
    "psnr": 21.184537887573242,
    "psnr_std": 1.2610136270523071,
    "ssim": 0.6317533850669861,
    "ssim_std": 0.04376818239688873,
    "lpips": 0.5301938056945801,
    "lpips_std": 0.028033196926116943,
    "num_rays_per_sec": 318737.0625,
    "num_rays_per_sec_std": 110183.515625,
    "fps": 0.05298156291246414,
    "fps_std": 0.018315080553293228
  }
}