{
  "experiment_name": "stump-pns-blue-noise-percent-40",
  "method_name": "instant-ngp",
  "checkpoint": "outputs\\stump-pns-blue-noise-percent-40\\instant-ngp\\2024-02-26_082115\\nerfstudio_models\\step-000014999.ckpt",
  "results": {
    "psnr": 18.75619125366211,
    "psnr_std": 0.8193519115447998,
    "ssim": 0.5972179770469666,
    "ssim_std": 0.047061190009117126,
    "lpips": 0.6277313828468323,
    "lpips_std": 0.027029527351260185,
    "num_rays_per_sec": 129094.0078125,
    "num_rays_per_sec_std": 69967.6953125,
    "fps": 0.021458446979522705,
    "fps_std": 0.011630269698798656
  }
}