{
  "experiment_name": "stump-saturation-std-0",
  "method_name": "instant-ngp",
  "checkpoint": "outputs\\stump-saturation-std-0\\instant-ngp\\2024-02-26_134520\\nerfstudio_models\\step-000014999.ckpt",
  "results": {
    "psnr": 21.33760643005371,
    "psnr_std": 1.3540441989898682,
    "ssim": 0.6409202218055725,
    "ssim_std": 0.041814155876636505,
    "lpips": 0.5034170746803284,
    "lpips_std": 0.029361365363001823,
    "num_rays_per_sec": 293929.78125,
    "num_rays_per_sec_std": 125944.28125,
    "fps": 0.04885800927877426,
    "fps_std": 0.02093488723039627
  }
}