{
  "experiment_name": "stump-saturation-std-0",
  "method_name": "instant-ngp",
  "checkpoint": "outputs\\stump-saturation-std-0\\instant-ngp\\2024-02-26_133728\\nerfstudio_models\\step-000014999.ckpt",
  "results": {
    "psnr": 21.26727867126465,
    "psnr_std": 1.3459444046020508,
    "ssim": 0.64178866147995,
    "ssim_std": 0.04263123869895935,
    "lpips": 0.5073703527450562,
    "lpips_std": 0.029286466538906097,
    "num_rays_per_sec": 304392.90625,
    "num_rays_per_sec_std": 109002.5703125,
    "fps": 0.05059722438454628,
    "fps_std": 0.018118776381015778
  }
}