{
  "experiment_name": "stump",
  "method_name": "instant-ngp",
  "checkpoint": "outputs\\stump\\instant-ngp\\2024-02-26_052953\\nerfstudio_models\\step-000014999.ckpt",
  "results": {
    "psnr": 16.416013717651367,
    "psnr_std": 1.0261610746383667,
    "ssim": 0.4813956022262573,
    "ssim_std": 0.0664721354842186,
    "lpips": 0.8084155917167664,
    "lpips_std": 0.03949013724923134,
    "num_rays_per_sec": 276137.53125,
    "num_rays_per_sec_std": 116868.9140625,
    "fps": 0.04590051993727684,
    "fps_std": 0.01942634955048561
  }
}