{
  "experiment_name": "stump-pns-blue-noise-percent-30",
  "method_name": "instant-ngp",
  "checkpoint": "outputs\\stump-pns-blue-noise-percent-30\\instant-ngp\\2024-02-26_080549\\nerfstudio_models\\step-000014999.ckpt",
  "results": {
    "psnr": 19.441497802734375,
    "psnr_std": 0.9092281460762024,
    "ssim": 0.6055359840393066,
    "ssim_std": 0.04561273753643036,
    "lpips": 0.6098845601081848,
    "lpips_std": 0.026965878903865814,
    "num_rays_per_sec": 148210.859375,
    "num_rays_per_sec_std": 74038.625,
    "fps": 0.02463611401617527,
    "fps_std": 0.012306952849030495
  }
}