{
    "transform": [
        [
            0.4793355464935303,
            0.10646358132362366,
            0.8711503744125366,
            0.1062561646103859
        ],
        [
            0.10646358132362366,
            0.9782307147979736,
            -0.1781296730041504,
            -0.342818021774292
        ],
        [
            -0.8711503744125366,
            0.1781296730041504,
            0.4575662612915039,
            -0.35973209142684937
        ]
    ],
    "scale": 0.1917390329245178
}