{
    "transform": [
        [
            0.4706209897994995,
            0.10307172685861588,
            0.8762944936752319,
            -0.0774301141500473
        ],
        [
            0.10307172685861588,
            0.9799315929412842,
            -0.1706172674894333,
            -0.36978501081466675
        ],
        [
            -0.8762944936752319,
            0.1706172674894333,
            0.45055264234542847,
            -0.18993064761161804
        ]
    ],
    "scale": 0.19460075403486599
}