{
  "experiment_name": "lego-pns-blue-noise-percent-5",
  "method_name": "instant-ngp",
  "checkpoint": "C:\\Stuff\\Dataset-creation\\notebooks\\outputs_ngp_lego_opt_off_degr\\lego-pns-blue-noise-percent-5\\instant-ngp\\2024-03-31_183516\\nerfstudio_models\\step-000014999.ckpt",
  "results": {
    "psnr": 21.441282272338867,
    "psnr_std": 5.315025329589844,
    "ssim": 0.8783417344093323,
    "ssim_std": 0.06624756008386612,
    "lpips": 0.16495923697948456,
    "lpips_std": 0.10786258429288864,
    "num_rays_per_sec": 856009.5,
    "num_rays_per_sec_std": 194834.828125,
    "fps": 1.337514877319336,
    "fps_std": 0.30442941188812256
  }
}