{
  "experiment_name": "lego-noise-std-16",
  "method_name": "instant-ngp",
  "checkpoint": "C:\\Stuff\\Dataset-creation\\notebooks\\outputs_ngp_lego_opt_off_degr\\lego-noise-std-16\\instant-ngp\\2024-03-31_182748\\nerfstudio_models\\step-000014999.ckpt",
  "results": {
    "psnr": 20.665693283081055,
    "psnr_std": 4.2694878578186035,
    "ssim": 0.8910397291183472,
    "ssim_std": 0.050195179879665375,
    "lpips": 0.15216366946697235,
    "lpips_std": 0.09017366170883179,
    "num_rays_per_sec": 863337.0625,
    "num_rays_per_sec_std": 194487.75,
    "fps": 1.3489642143249512,
    "fps_std": 0.30388712882995605
  }
}