{
  "experiment_name": "stump-saturation-std-0",
  "method_name": "nerfacto",
  "checkpoint": "outputs\\stump-saturation-std-0\\nerfacto\\2024-01-08_062641\\nerfstudio_models\\step-000014999.ckpt",
  "results": {
    "psnr": 21.362873077392578,
    "psnr_std": 1.4811418056488037,
    "ssim": 0.6246548295021057,
    "ssim_std": 0.04461439326405525,
    "lpips": 0.5327234864234924,
    "lpips_std": 0.037070270627737045,
    "num_rays_per_sec": 731145.5625,
    "num_rays_per_sec_std": 24521.10546875,
    "fps": 0.12153350561857224,
    "fps_std": 0.0040759798139333725
  }
}