{
  "experiment_name": "stump-gamma-40",
  "method_name": "nerfacto",
  "checkpoint": "outputs\\stump-gamma-40\\nerfacto\\2024-01-14_023613\\nerfstudio_models\\step-000014999.ckpt",
  "results": {
    "psnr": 21.598922729492188,
    "psnr_std": 1.67698335647583,
    "ssim": 0.612732470035553,
    "ssim_std": 0.0502498559653759,
    "lpips": 0.546864926815033,
    "lpips_std": 0.03795216605067253,
    "num_rays_per_sec": 742371.3125,
    "num_rays_per_sec_std": 24482.990234375,
    "fps": 0.12339948862791061,
    "fps_std": 0.004069645423442125
  }
}