{
  "experiment_name": "stump-gamma-10",
  "method_name": "nerfacto",
  "checkpoint": "outputs\\stump-gamma-10\\nerfacto\\2024-01-14_015101\\nerfstudio_models\\step-000014999.ckpt",
  "results": {
    "psnr": 21.724464416503906,
    "psnr_std": 1.6829808950424194,
    "ssim": 0.624188244342804,
    "ssim_std": 0.04713260382413864,
    "lpips": 0.5225866436958313,
    "lpips_std": 0.03978400304913521,
    "num_rays_per_sec": 746066.125,
    "num_rays_per_sec_std": 23169.34375,
    "fps": 0.12401364743709564,
    "fps_std": 0.0038512859027832747
  }
}