{
  "experiment_name": "stump-gamma-15",
  "method_name": "nerfacto",
  "checkpoint": "outputs\\stump-gamma-15\\nerfacto\\2024-01-14_015843\\nerfstudio_models\\step-000014999.ckpt",
  "results": {
    "psnr": 21.836017608642578,
    "psnr_std": 1.5480400323867798,
    "ssim": 0.6250494122505188,
    "ssim_std": 0.04633459448814392,
    "lpips": 0.522114634513855,
    "lpips_std": 0.03900722786784172,
    "num_rays_per_sec": 745573.8125,
    "num_rays_per_sec_std": 26078.46875,
    "fps": 0.12393181771039963,
    "fps_std": 0.0043348511680960655
  }
}