{
  "experiment_name": "stump-range-70",
  "method_name": "nerfacto",
  "checkpoint": "outputs\\stump-range-70\\nerfacto\\2024-01-08_053543\\nerfstudio_models\\step-000014999.ckpt",
  "results": {
    "psnr": 17.256187438964844,
    "psnr_std": 1.6100009679794312,
    "ssim": 0.5374224781990051,
    "ssim_std": 0.057764191180467606,
    "lpips": 0.6053598523139954,
    "lpips_std": 0.05693347379565239,
    "num_rays_per_sec": 721459.625,
    "num_rays_per_sec_std": 25193.314453125,
    "fps": 0.11992347985506058,
    "fps_std": 0.004187718965113163
  }
}