{
  "experiment_name": "stump",
  "method_name": "nerfacto",
  "checkpoint": "outputs\\stump\\nerfacto\\2024-01-07_014722\\nerfstudio_models\\step-000014999.ckpt",
  "results": {
    "psnr": 21.64407730102539,
    "psnr_std": 1.7134331464767456,
    "ssim": 0.6209431886672974,
    "ssim_std": 0.04699927568435669,
    "lpips": 0.5273362398147583,
    "lpips_std": 0.04195500910282135,
    "num_rays_per_sec": 751606.5625,
    "num_rays_per_sec_std": 12415.05859375,
    "fps": 0.1249345988035202,
    "fps_std": 0.002063673222437501
  }
}