{
  "experiment_name": "stump",
  "method_name": "nerfacto",
  "checkpoint": "outputs\\stump\\nerfacto\\2024-01-07_020242\\nerfstudio_models\\step-000014999.ckpt",
  "results": {
    "psnr": 21.62361717224121,
    "psnr_std": 1.5392773151397705,
    "ssim": 0.6155610680580139,
    "ssim_std": 0.04763218015432358,
    "lpips": 0.5396029949188232,
    "lpips_std": 0.042307887226343155,
    "num_rays_per_sec": 749446.1875,
    "num_rays_per_sec_std": 9632.30078125,
    "fps": 0.12457549571990967,
    "fps_std": 0.0016011125408113003
  }
}