{
  "experiment_name": "stump-range-80",
  "method_name": "nerfacto",
  "checkpoint": "outputs\\stump-range-80\\nerfacto\\2024-01-08_054254\\nerfstudio_models\\step-000014999.ckpt",
  "results": {
    "psnr": 19.87497901916504,
    "psnr_std": 1.3087071180343628,
    "ssim": 0.5545952320098877,
    "ssim_std": 0.0550009086728096,
    "lpips": 0.5098633170127869,
    "lpips_std": 0.044799722731113434,
    "num_rays_per_sec": 728875.625,
    "num_rays_per_sec_std": 27601.40234375,
    "fps": 0.12115619331598282,
    "fps_std": 0.004587999079376459
  }
}