{
  "experiment_name": "stump",
  "method_name": "nerfacto",
  "checkpoint": "outputs\\stump\\nerfacto\\2024-01-07_024928\\nerfstudio_models\\step-000014999.ckpt",
  "results": {
    "psnr": 19.619384765625,
    "psnr_std": 1.0540013313293457,
    "ssim": 0.5515010952949524,
    "ssim_std": 0.048336248844861984,
    "lpips": 0.7112493515014648,
    "lpips_std": 0.03581981360912323,
    "num_rays_per_sec": 738828.4375,
    "num_rays_per_sec_std": 12794.19140625,
    "fps": 0.12281057983636856,
    "fps_std": 0.0021266951225697994
  }
}