{
    "transform": [
        [
            0.4827536344528198,
            0.09283576160669327,
            0.8708217144012451,
            0.14267860352993011
        ],
        [
            0.09283576160669327,
            0.9833377599716187,
            -0.15629573166370392,
            -0.7053226232528687
        ],
        [
            -0.8708217144012451,
            0.15629573166370392,
            0.4660913944244385,
            -0.6139103770256042
        ]
    ],
    "scale": 0.2305392832122073
}