{
  "experiment_name": "lego",
  "method_name": "nerfacto",
  "checkpoint": "/content/drive/MyDrive/master/outputs_nerfacto_opt_off/lego/nerfacto/2024-03-03_123628/nerfstudio_models/step-000014999.ckpt",
  "results": {
    "psnr": 8.955041885375977,
    "psnr_std": 1.6004542112350464,
    "ssim": 0.6676913499832153,
    "ssim_std": 0.08309786021709442,
    "lpips": 0.5836443901062012,
    "lpips_std": 0.1114954873919487,
    "num_rays_per_sec": 287942.8125,
    "num_rays_per_sec_std": 4078.381103515625,
    "fps": 0.44991064071655273,
    "fps_std": 0.006372470874339342
  }
}