{
  "experiment_name": "lego-saturation-std-0",
  "method_name": "nerfacto",
  "checkpoint": "outputs-nerfacto-lego-opt-off-satur-range\\lego-saturation-std-0\\nerfacto\\2024-03-18_005351\\nerfstudio_models\\step-000014999.ckpt",
  "results": {
    "psnr": 22.739416122436523,
    "psnr_std": 1.8689664602279663,
    "ssim": 0.8988638520240784,
    "ssim_std": 0.025921987369656563,
    "lpips": 0.10239731520414352,
    "lpips_std": 0.03677397593855858,
    "num_rays_per_sec": 751760.8125,
    "num_rays_per_sec_std": 50337.58984375,
    "fps": 1.1746262311935425,
    "fps_std": 0.07865248620510101
  }
}