{
    "transform": [
        [
            0.47560352087020874,
            0.10681075602769852,
            0.8731510639190674,
            0.08353739976882935
        ],
        [
            0.10681075602769852,
            0.978244423866272,
            -0.17784620821475983,
            -0.41519349813461304
        ],
        [
            -0.8731510639190674,
            0.17784620821475983,
            0.4538480043411255,
            -0.376980185508728
        ]
    ],
    "scale": 0.18607061191766427
}