{
    "transform": [
        [
            0.5041857957839966,
            0.1181478276848793,
            0.8554752469062805,
            0.07518310099840164
        ],
        [
            0.1181478276848793,
            0.9718465209007263,
            -0.2038516253232956,
            -0.357131689786911
        ],
        [
            -0.8554752469062805,
            0.2038516253232956,
            0.4760322570800781,
            -0.26209935545921326
        ]
    ],
    "scale": 0.19674385778204406
}