{
    "transform": [
        [
            0.4249892830848694,
            0.09124139696359634,
            0.9005882143974304,
            -0.26804736256599426
        ],
        [
            0.09124139696359634,
            0.9855220317840576,
            -0.14290329813957214,
            -0.5865659713745117
        ],
        [
            -0.9005882143974304,
            0.14290329813957214,
            0.4105113744735718,
            -0.8965851068496704
        ]
    ],
    "scale": 0.2071906236884806
}