{
    "transform": [
        [
            0.49706488847732544,
            0.11997373402118683,
            0.8593794107437134,
            0.10260752588510513
        ],
        [
            0.11997373402118683,
            0.9713805913925171,
            -0.20500250160694122,
            -0.28472432494163513
        ],
        [
            -0.8593794107437134,
            0.20500250160694122,
            0.46844547986984253,
            -0.33862483501434326
        ]
    ],
    "scale": 0.19792920839245848
}