{
  "experiment_name": "stump-range-10",
  "method_name": "instant-ngp",
  "checkpoint": "outputs\\stump-range-10\\instant-ngp\\2024-02-29_101322\\nerfstudio_models\\step-000014999.ckpt",
  "results": {
    "psnr": 17.404495239257812,
    "psnr_std": 1.9609050750732422,
    "ssim": 0.5142778754234314,
    "ssim_std": 0.06597662717103958,
    "lpips": 0.6478519439697266,
    "lpips_std": 0.04742579162120819,
    "num_rays_per_sec": 375887.59375,
    "num_rays_per_sec_std": 166678.640625,
    "fps": 0.062481317669153214,
    "fps_std": 0.02770588919520378
  }
}