{
    "transform": [
        [
            0.4578283429145813,
            0.10726559162139893,
            0.8825460076332092,
            -0.06611320376396179
        ],
        [
            0.10726559162139893,
            0.9787781238555908,
            -0.17460672557353973,
            -0.3400883078575134
        ],
        [
            -0.8825460076332092,
            0.17460672557353973,
            0.43660640716552734,
            0.9213893413543701
        ]
    ],
    "scale": 0.21705839399815458
}