{
    "transform": [
        [
            0.4639092683792114,
            0.11527138948440552,
            0.8783511519432068,
            -0.10564307868480682
        ],
        [
            0.11527138948440552,
            0.9752141237258911,
            -0.18886496126651764,
            -0.3862884044647217
        ],
        [
            -0.8783511519432068,
            0.18886496126651764,
            0.43912333250045776,
            -0.4113348424434662
        ]
    ],
    "scale": 0.1842739189234192
}