{
    "transform": [
        [
            0.5009587407112122,
            0.1060546264052391,
            0.8589486479759216,
            0.15068113803863525
        ],
        [
            0.1060546264052391,
            0.9774616360664368,
            -0.18254098296165466,
            -0.3508816957473755
        ],
        [
            -0.8589486479759216,
            0.18254098296165466,
            0.4784203767776489,
            -0.21468056738376617
        ]
    ],
    "scale": 0.18743612931065148
}