{
    "transform": [
        [
            0.500556230545044,
            0.11592064797878265,
            0.8579078912734985,
            0.17321303486824036
        ],
        [
            0.11592064797878265,
            0.9730948805809021,
            -0.19912000000476837,
            -0.3546870946884155
        ],
        [
            -0.8579078912734985,
            0.19912000000476837,
            0.47365111112594604,
            -0.4896101653575897
        ]
    ],
    "scale": 0.20110128777004427
}