{
  "experiment_name": "lego",
  "method_name": "nerfacto",
  "checkpoint": "/content/drive/MyDrive/master/outputs_nerfacto_opt_off/lego/nerfacto/2024-03-03_020741/nerfstudio_models/step-000014999.ckpt",
  "results": {
    "psnr": 9.3422269821167,
    "psnr_std": 1.31698739528656,
    "ssim": 0.705229640007019,
    "ssim_std": 0.056889452040195465,
    "lpips": 0.5459029674530029,
    "lpips_std": 0.11004341393709183,
    "num_rays_per_sec": 288259.03125,
    "num_rays_per_sec_std": 5039.03173828125,
    "fps": 0.45040473341941833,
    "fps_std": 0.007873487658798695
  }
}