{
  "experiment_name": "lego",
  "method_name": "nerfacto",
  "checkpoint": "/content/drive/MyDrive/master/outputs_nerfacto_opt_off/lego/nerfacto/2024-03-02_213015/nerfstudio_models/step-000014999.ckpt",
  "results": {
    "psnr": 22.062808990478516,
    "psnr_std": 2.1298158168792725,
    "ssim": 0.8403691053390503,
    "ssim_std": 0.03179733082652092,
    "lpips": 0.15864259004592896,
    "lpips_std": 0.054441314190626144,
    "num_rays_per_sec": 264057.09375,
    "num_rays_per_sec_std": 4610.150390625,
    "fps": 0.4125891923904419,
    "fps_std": 0.007203360553830862
  }
}