{
  "experiment_name": "lego-pns-green-noise-percent-10",
  "method_name": "nerfacto",
  "checkpoint": "outputs\\lego-pns-green-noise-percent-10\\nerfacto\\2024-03-17_013319\\nerfstudio_models\\step-000014999.ckpt",
  "results": {
    "psnr": 21.56770896911621,
    "psnr_std": 1.5331887006759644,
    "ssim": 0.8127894401550293,
    "ssim_std": 0.03369014710187912,
    "lpips": 0.11321555078029633,
    "lpips_std": 0.012485905550420284,
    "num_rays_per_sec": 758489.0625,
    "num_rays_per_sec_std": 47171.21875,
    "fps": 1.1851391792297363,
    "fps_std": 0.0737050324678421
  }
}