{
    "transform": [
        [
            0.4824289083480835,
            0.121783547103405,
            0.8674278855323792,
            0.19973577558994293
        ],
        [
            0.121783547103405,
            0.971344530582428,
            -0.2041042298078537,
            -0.35340240597724915
        ],
        [
            -0.8674278855323792,
            0.2041042298078537,
            0.45377349853515625,
            -0.25480812788009644
        ]
    ],
    "scale": 0.19423068320437578
}