{
  "experiment_name": "stump-offset-5-every-2",
  "method_name": "nerfacto",
  "checkpoint": "outputs\\stump-offset-5-every-2\\nerfacto\\2024-01-29_155422\\nerfstudio_models\\step-000014999.ckpt",
  "results": {
    "psnr": 21.44847297668457,
    "psnr_std": 1.5205515623092651,
    "ssim": 0.6101382970809937,
    "ssim_std": 0.06112075597047806,
    "lpips": 0.4907640516757965,
    "lpips_std": 0.04217259958386421,
    "num_rays_per_sec": 748558.3125,
    "num_rays_per_sec_std": 21945.7109375,
    "fps": 0.1244279071688652,
    "fps_std": 0.003647890640422702
  }
}