{
  "experiment_name": "lego",
  "method_name": "instant-ngp",
  "checkpoint": "C:\\Stuff\\Dataset-creation\\notebooks\\outputs_ngp_lego_opt_off\\lego\\instant-ngp\\2024-03-04_004003\\nerfstudio_models\\step-000014999.ckpt",
  "results": {
    "psnr": 12.985369682312012,
    "psnr_std": 1.5145670175552368,
    "ssim": 0.6392560601234436,
    "ssim_std": 0.04583415016531944,
    "lpips": 0.4603445529937744,
    "lpips_std": 0.05805296450853348,
    "num_rays_per_sec": 544834.5625,
    "num_rays_per_sec_std": 144796.0,
    "fps": 0.8513040542602539,
    "fps_std": 0.2262437641620636
  }
}