{
  "experiment_name": "lego",
  "method_name": "instant-ngp",
  "checkpoint": "C:\\Stuff\\Dataset-creation\\notebooks\\outputs_ngp_lego_opt_off\\lego\\instant-ngp\\2024-03-04_003240\\nerfstudio_models\\step-000014999.ckpt",
  "results": {
    "psnr": 13.454320907592773,
    "psnr_std": 1.7730664014816284,
    "ssim": 0.6527230143547058,
    "ssim_std": 0.04795311018824577,
    "lpips": 0.44749245047569275,
    "lpips_std": 0.0670056864619255,
    "num_rays_per_sec": 539805.8125,
    "num_rays_per_sec_std": 162797.25,
    "fps": 0.8434465527534485,
    "fps_std": 0.25437071919441223
  }
}