{
  "experiment_name": "lego",
  "method_name": "instant-ngp",
  "checkpoint": "C:\\Stuff\\Dataset-creation\\notebooks\\outputs_ngp_lego_opt_off\\lego\\instant-ngp\\2024-03-04_044320\\nerfstudio_models\\step-000014999.ckpt",
  "results": {
    "psnr": 10.812294960021973,
    "psnr_std": 1.1021466255187988,
    "ssim": 0.5999908447265625,
    "ssim_std": 0.0551217645406723,
    "lpips": 0.5253623723983765,
    "lpips_std": 0.0576837994158268,
    "num_rays_per_sec": 539743.4375,
    "num_rays_per_sec_std": 29736.46875,
    "fps": 0.8433490991592407,
    "fps_std": 0.04646322876214981
  }
}