{
  "experiment_name": "lego",
  "method_name": "instant-ngp",
  "checkpoint": "C:\\Stuff\\Dataset-creation\\notebooks\\outputs_ngp_lego_opt_off\\lego\\instant-ngp\\2024-03-04_010913\\nerfstudio_models\\step-000014999.ckpt",
  "results": {
    "psnr": 12.264603614807129,
    "psnr_std": 1.3221807479858398,
    "ssim": 0.6250209808349609,
    "ssim_std": 0.049649596214294434,
    "lpips": 0.48718613386154175,
    "lpips_std": 0.06153227761387825,
    "num_rays_per_sec": 511644.34375,
    "num_rays_per_sec_std": 118669.9375,
    "fps": 0.7994442582130432,
    "fps_std": 0.18542177975177765
  }
}