{
  "experiment_name": "lego",
  "method_name": "instant-ngp",
  "checkpoint": "C:\\Stuff\\Dataset-creation\\notebooks\\outputs_ngp_lego_opt_off\\lego\\instant-ngp\\2024-03-04_025318\\nerfstudio_models\\step-000014999.ckpt",
  "results": {
    "psnr": 10.872661590576172,
    "psnr_std": 0.9667453765869141,
    "ssim": 0.5867562890052795,
    "ssim_std": 0.051028862595558167,
    "lpips": 0.543802797794342,
    "lpips_std": 0.04979522526264191,
    "num_rays_per_sec": 545353.875,
    "num_rays_per_sec_std": 27820.189453125,
    "fps": 0.8521153926849365,
    "fps_std": 0.04346904158592224
  }
}