{
  "experiment_name": "lego",
  "method_name": "instant-ngp",
  "checkpoint": "C:\\Stuff\\Dataset-creation\\notebooks\\outputs_ngp_lego_opt_off\\lego\\instant-ngp\\2024-03-04_032601\\nerfstudio_models\\step-000014999.ckpt",
  "results": {
    "psnr": 10.68575382232666,
    "psnr_std": 1.121572494506836,
    "ssim": 0.5821866393089294,
    "ssim_std": 0.0545116551220417,
    "lpips": 0.5473140478134155,
    "lpips_std": 0.055772509425878525,
    "num_rays_per_sec": 540984.125,
    "num_rays_per_sec_std": 26042.185546875,
    "fps": 0.8452877402305603,
    "fps_std": 0.040690917521715164
  }
}