{
  "experiment_name": "lego",
  "method_name": "instant-ngp",
  "checkpoint": "C:\\Stuff\\Dataset-creation\\notebooks\\outputs_ngp_lego_opt_off\\lego\\instant-ngp\\2024-03-04_051455\\nerfstudio_models\\step-000014999.ckpt",
  "results": {
    "psnr": 10.51262378692627,
    "psnr_std": 1.1041193008422852,
    "ssim": 0.5867085456848145,
    "ssim_std": 0.0611821673810482,
    "lpips": 0.5400233864784241,
    "lpips_std": 0.06582584977149963,
    "num_rays_per_sec": 525420.4375,
    "num_rays_per_sec_std": 25722.98046875,
    "fps": 0.8209694027900696,
    "fps_std": 0.04019215703010559
  }
}