{
  "experiment_name": "lego",
  "method_name": "instant-ngp",
  "checkpoint": "C:\\Stuff\\Dataset-creation\\notebooks\\outputs_ngp_lego_opt_off\\lego\\instant-ngp\\2024-03-04_045904\\nerfstudio_models\\step-000014999.ckpt",
  "results": {
    "psnr": 10.702240943908691,
    "psnr_std": 1.1070973873138428,
    "ssim": 0.5857113599777222,
    "ssim_std": 0.0563291534781456,
    "lpips": 0.544815182685852,
    "lpips_std": 0.058064524084329605,
    "num_rays_per_sec": 541880.8125,
    "num_rays_per_sec_std": 31131.873046875,
    "fps": 0.8466887474060059,
    "fps_std": 0.048643551766872406
  }
}