{
  "experiment_name": "lego",
  "method_name": "instant-ngp",
  "checkpoint": "C:\\Stuff\\Dataset-creation\\notebooks\\outputs_ngp_lego_opt_off\\lego\\instant-ngp\\2024-03-04_015238\\nerfstudio_models\\step-000014999.ckpt",
  "results": {
    "psnr": 13.536111831665039,
    "psnr_std": 1.8020646572113037,
    "ssim": 0.6549369096755981,
    "ssim_std": 0.043421220034360886,
    "lpips": 0.4340924024581909,
    "lpips_std": 0.06591133028268814,
    "num_rays_per_sec": 544009.8125,
    "num_rays_per_sec_std": 170530.640625,
    "fps": 0.8500153422355652,
    "fps_std": 0.2664541006088257
  }
}