{
  "experiment_name": "lego",
  "method_name": "instant-ngp",
  "checkpoint": "C:\\Stuff\\Dataset-creation\\notebooks\\outputs_ngp_lego_opt_off\\lego\\instant-ngp\\2024-03-04_042019\\nerfstudio_models\\step-000014999.ckpt",
  "results": {
    "psnr": 11.066693305969238,
    "psnr_std": 1.2748678922653198,
    "ssim": 0.623367190361023,
    "ssim_std": 0.05196215957403183,
    "lpips": 0.4940944015979767,
    "lpips_std": 0.05217762291431427,
    "num_rays_per_sec": 554070.5625,
    "num_rays_per_sec_std": 33718.296875,
    "fps": 0.8657352328300476,
    "fps_std": 0.05268483981490135
  }
}