{
  "experiment_name": "lego-noise-std-96",
  "method_name": "instant-ngp",
  "checkpoint": "C:\\Stuff\\Dataset-creation\\notebooks\\outputs_ngp_lego_opt_off_degr\\lego-noise-std-96\\instant-ngp\\2024-03-25_015536\\nerfstudio_models\\step-000014999.ckpt",
  "results": {
    "psnr": 14.675496101379395,
    "psnr_std": 1.6098695993423462,
    "ssim": 0.5468013882637024,
    "ssim_std": 0.06992463767528534,
    "lpips": 0.5741429328918457,
    "lpips_std": 0.07645566761493683,
    "num_rays_per_sec": 375212.71875,
    "num_rays_per_sec_std": 130194.609375,
    "fps": 0.5862698554992676,
    "fps_std": 0.20342907309532166
  }
}