{
  "experiment_name": "lego-pns-green-noise-percent-30",
  "method_name": "instant-ngp",
  "checkpoint": "C:\\Stuff\\Dataset-creation\\notebooks\\outputs_ngp_lego_opt_off_degr\\lego-pns-green-noise-percent-30\\instant-ngp\\2024-03-25_033656\\nerfstudio_models\\step-000014999.ckpt",
  "results": {
    "psnr": 19.233203887939453,
    "psnr_std": 4.002168655395508,
    "ssim": 0.828568160533905,
    "ssim_std": 0.07346183061599731,
    "lpips": 0.2616514563560486,
    "lpips_std": 0.11199472844600677,
    "num_rays_per_sec": 687968.6875,
    "num_rays_per_sec_std": 216043.125,
    "fps": 1.0749510526657104,
    "fps_std": 0.33756738901138306
  }
}