{
  "experiment_name": "lego-pns-green-noise-percent-20",
  "method_name": "instant-ngp",
  "checkpoint": "C:\\Stuff\\Dataset-creation\\notebooks\\outputs_ngp_lego_opt_off_degr\\lego-pns-green-noise-percent-20\\instant-ngp\\2024-03-25_032145\\nerfstudio_models\\step-000014999.ckpt",
  "results": {
    "psnr": 20.041654586791992,
    "psnr_std": 4.000764846801758,
    "ssim": 0.84510737657547,
    "ssim_std": 0.06038663163781166,
    "lpips": 0.23877958953380585,
    "lpips_std": 0.10509075224399567,
    "num_rays_per_sec": 915546.0625,
    "num_rays_per_sec_std": 181186.296875,
    "fps": 1.430540680885315,
    "fps_std": 0.2831035852432251
  }
}