{
  "experiment_name": "lego-noise-std-32",
  "method_name": "instant-ngp",
  "checkpoint": "C:\\Stuff\\Dataset-creation\\notebooks\\outputs_ngp_lego_opt_off_degr\\lego-noise-std-32\\instant-ngp\\2024-03-25_012651\\nerfstudio_models\\step-000014999.ckpt",
  "results": {
    "psnr": 18.291582107543945,
    "psnr_std": 3.275325298309326,
    "ssim": 0.8257691264152527,
    "ssim_std": 0.06056923419237137,
    "lpips": 0.27257010340690613,
    "lpips_std": 0.09943317621946335,
    "num_rays_per_sec": 834248.75,
    "num_rays_per_sec_std": 188094.515625,
    "fps": 1.3035136461257935,
    "fps_std": 0.29389768838882446
  }
}