{
  "experiment_name": "lego-pns-blue-noise-percent-30",
  "method_name": "instant-ngp",
  "checkpoint": "C:\\Stuff\\Dataset-creation\\notebooks\\outputs_ngp_lego_opt_off_degr\\lego-pns-blue-noise-percent-30\\instant-ngp\\2024-03-25_023312\\nerfstudio_models\\step-000014999.ckpt",
  "results": {
    "psnr": 19.644840240478516,
    "psnr_std": 4.1938042640686035,
    "ssim": 0.8253181576728821,
    "ssim_std": 0.07537321746349335,
    "lpips": 0.2173735648393631,
    "lpips_std": 0.11624591797590256,
    "num_rays_per_sec": 879277.6875,
    "num_rays_per_sec_std": 202715.296875,
    "fps": 1.3738713264465332,
    "fps_std": 0.3167426586151123
  }
}