{
  "experiment_name": "lego-every-5",
  "method_name": "instant-ngp",
  "checkpoint": "C:\\Stuff\\Dataset-creation\\notebooks\\outputs_ngp_lego_opt_off_degr\\lego-every-5\\instant-ngp\\2024-03-25_052941\\nerfstudio_models\\step-000014999.ckpt",
  "results": {
    "psnr": 9.565357208251953,
    "psnr_std": 1.573000431060791,
    "ssim": 0.5336188673973083,
    "ssim_std": 0.07378550618886948,
    "lpips": 0.6116116046905518,
    "lpips_std": 0.10449093580245972,
    "num_rays_per_sec": 568409.4375,
    "num_rays_per_sec_std": 34735.83203125,
    "fps": 0.8881397247314453,
    "fps_std": 0.05427473410964012
  }
}