{
  "experiment_name": "lego-noise-std-112",
  "method_name": "instant-ngp",
  "checkpoint": "C:\\Stuff\\Dataset-creation\\notebooks\\outputs_ngp_lego_opt_off_degr\\lego-noise-std-112\\instant-ngp\\2024-03-25_010653\\nerfstudio_models\\step-000014999.ckpt",
  "results": {
    "psnr": 14.559494018554688,
    "psnr_std": 1.4140428304672241,
    "ssim": 0.5361876487731934,
    "ssim_std": 0.06564170867204666,
    "lpips": 0.5599045753479004,
    "lpips_std": 0.06959562748670578,
    "num_rays_per_sec": 769099.375,
    "num_rays_per_sec_std": 149399.515625,
    "fps": 1.201717734336853,
    "fps_std": 0.2334367334842682
  }
}