{
  "experiment_name": "lego-noise-std-128",
  "method_name": "instant-ngp",
  "checkpoint": "C:\\Stuff\\Dataset-creation\\notebooks\\outputs_ngp_lego_opt_off_degr\\lego-noise-std-128\\instant-ngp\\2024-03-25_011324\\nerfstudio_models\\step-000014999.ckpt",
  "results": {
    "psnr": 14.385265350341797,
    "psnr_std": 0.9395577311515808,
    "ssim": 0.5537900924682617,
    "ssim_std": 0.051056019961833954,
    "lpips": 0.553146481513977,
    "lpips_std": 0.04522102326154709,
    "num_rays_per_sec": 346150.46875,
    "num_rays_per_sec_std": 86637.2734375,
    "fps": 0.540860116481781,
    "fps_std": 0.13537073135375977
  }
}