{
  "experiment_name": "lego-gamma-20",
  "method_name": "instant-ngp",
  "checkpoint": "C:\\Stuff\\Dataset-creation\\notebooks\\outputs_ngp_lego_opt_off_degr\\lego-gamma-20\\instant-ngp\\2024-03-25_061130\\nerfstudio_models\\step-000014999.ckpt",
  "results": {
    "psnr": 20.215728759765625,
    "psnr_std": 4.997246265411377,
    "ssim": 0.8661698698997498,
    "ssim_std": 0.07569610327482224,
    "lpips": 0.20325492322444916,
    "lpips_std": 0.10905974358320236,
    "num_rays_per_sec": 886672.6875,
    "num_rays_per_sec_std": 152457.375,
    "fps": 1.3854261636734009,
    "fps_std": 0.2382146567106247
  }
}