{
  "experiment_name": "lego-noise-std-80",
  "method_name": "instant-ngp",
  "checkpoint": "C:\\Stuff\\Dataset-creation\\notebooks\\outputs_ngp_lego_opt_off_degr\\lego-noise-std-80\\instant-ngp\\2024-03-25_014839\\nerfstudio_models\\step-000014999.ckpt",
  "results": {
    "psnr": 16.41602897644043,
    "psnr_std": 1.5847558975219727,
    "ssim": 0.6374481916427612,
    "ssim_std": 0.04898585006594658,
    "lpips": 0.4812367260456085,
    "lpips_std": 0.053900789469480515,
    "num_rays_per_sec": 860439.5625,
    "num_rays_per_sec_std": 179167.296875,
    "fps": 1.344436764717102,
    "fps_std": 0.279948890209198
  }
}