{
  "experiment_name": "lego-pns-blue-noise-percent-10",
  "method_name": "instant-ngp",
  "checkpoint": "C:\\Stuff\\Dataset-creation\\notebooks\\outputs_ngp_lego_opt_off_degr\\lego-pns-blue-noise-percent-10\\instant-ngp\\2024-03-25_020225\\nerfstudio_models\\step-000014999.ckpt",
  "results": {
    "psnr": 20.944774627685547,
    "psnr_std": 5.1184282302856445,
    "ssim": 0.8589518070220947,
    "ssim_std": 0.066016785800457,
    "lpips": 0.17901362478733063,
    "lpips_std": 0.10905516892671585,
    "num_rays_per_sec": 904491.3125,
    "num_rays_per_sec_std": 183745.03125,
    "fps": 1.413267731666565,
    "fps_std": 0.2871016263961792
  }
}