{
  "experiment_name": "lego-pns-red-noise-percent-35",
  "method_name": "instant-ngp",
  "checkpoint": "C:\\Stuff\\Dataset-creation\\notebooks\\outputs_ngp_lego_opt_off_degr\\lego-pns-red-noise-percent-35\\instant-ngp\\2024-03-25_044542\\nerfstudio_models\\step-000014999.ckpt",
  "results": {
    "psnr": 16.476478576660156,
    "psnr_std": 3.8439316749572754,
    "ssim": 0.7619993686676025,
    "ssim_std": 0.10859764367341995,
    "lpips": 0.34097835421562195,
    "lpips_std": 0.1268129050731659,
    "num_rays_per_sec": 768081.5625,
    "num_rays_per_sec_std": 158846.40625,
    "fps": 1.2001274824142456,
    "fps_std": 0.2481974959373474
  }
}