{
  "experiment_name": "lego-every-6",
  "method_name": "instant-ngp",
  "checkpoint": "C:\\Stuff\\Dataset-creation\\notebooks\\outputs_ngp_lego_opt_off_degr\\lego-every-6\\instant-ngp\\2024-03-25_053615\\nerfstudio_models\\step-000014999.ckpt",
  "results": {
    "psnr": 9.811057090759277,
    "psnr_std": 1.6385267972946167,
    "ssim": 0.539340615272522,
    "ssim_std": 0.07570674270391464,
    "lpips": 0.6334627270698547,
    "lpips_std": 0.09177941828966141,
    "num_rays_per_sec": 573672.1875,
    "num_rays_per_sec_std": 37936.65234375,
    "fps": 0.8963627815246582,
    "fps_std": 0.05927601829171181
  }
}