{
  "experiment_name": "lego-gamma-40",
  "method_name": "instant-ngp",
  "checkpoint": "C:\\Stuff\\Dataset-creation\\notebooks\\outputs_ngp_lego_opt_off_degr\\lego-gamma-40\\instant-ngp\\2024-03-25_064242\\nerfstudio_models\\step-000014999.ckpt",
  "results": {
    "psnr": 18.330276489257812,
    "psnr_std": 3.5451431274414062,
    "ssim": 0.8361023664474487,
    "ssim_std": 0.073006771504879,
    "lpips": 0.21522782742977142,
    "lpips_std": 0.10905575752258301,
    "num_rays_per_sec": 856823.8125,
    "num_rays_per_sec_std": 176336.875,
    "fps": 1.3387871980667114,
    "fps_std": 0.27552634477615356
  }
}