{
  "experiment_name": "lego-pns-green-noise-percent-10",
  "method_name": "instant-ngp",
  "checkpoint": "C:\\Stuff\\Dataset-creation\\notebooks\\outputs_ngp_lego_opt_off_degr\\lego-pns-green-noise-percent-10\\instant-ngp\\2024-03-25_030628\\nerfstudio_models\\step-000014999.ckpt",
  "results": {
    "psnr": 20.52037811279297,
    "psnr_std": 4.6790618896484375,
    "ssim": 0.8618996739387512,
    "ssim_std": 0.07090523093938828,
    "lpips": 0.19949012994766235,
    "lpips_std": 0.1152903363108635,
    "num_rays_per_sec": 921887.0625,
    "num_rays_per_sec_std": 150641.21875,
    "fps": 1.440448522567749,
    "fps_std": 0.23537689447402954
  }
}