{
  "experiment_name": "lego-pns-red-noise-percent-15",
  "method_name": "instant-ngp",
  "checkpoint": "C:\\Stuff\\Dataset-creation\\notebooks\\outputs_ngp_lego_opt_off_degr\\lego-pns-red-noise-percent-15\\instant-ngp\\2024-03-25_041521\\nerfstudio_models\\step-000014999.ckpt",
  "results": {
    "psnr": 19.248611450195312,
    "psnr_std": 4.384560585021973,
    "ssim": 0.82941734790802,
    "ssim_std": 0.08506747335195541,
    "lpips": 0.2363470196723938,
    "lpips_std": 0.12107037007808685,
    "num_rays_per_sec": 887880.8125,
    "num_rays_per_sec_std": 146460.484375,
    "fps": 1.387313723564148,
    "fps_std": 0.2288445085287094
  }
}