{
  "experiment_name": "lego-pns-red-noise-percent-30",
  "method_name": "instant-ngp",
  "checkpoint": "C:\\Stuff\\Dataset-creation\\notebooks\\outputs_ngp_lego_opt_off_degr\\lego-pns-red-noise-percent-30\\instant-ngp\\2024-03-25_043758\\nerfstudio_models\\step-000014999.ckpt",
  "results": {
    "psnr": 17.5304012298584,
    "psnr_std": 3.826310634613037,
    "ssim": 0.7836809158325195,
    "ssim_std": 0.10006414353847504,
    "lpips": 0.31073883175849915,
    "lpips_std": 0.13269703090190887,
    "num_rays_per_sec": 842084.0625,
    "num_rays_per_sec_std": 146423.578125,
    "fps": 1.3157563209533691,
    "fps_std": 0.22878685593605042
  }
}