{
  "experiment_name": "lego-noise-std-64",
  "method_name": "instant-ngp",
  "checkpoint": "C:\\Stuff\\Dataset-creation\\notebooks\\outputs_ngp_lego_opt_off_degr\\lego-noise-std-64\\instant-ngp\\2024-03-25_014125\\nerfstudio_models\\step-000014999.ckpt",
  "results": {
    "psnr": 16.49924659729004,
    "psnr_std": 1.9916889667510986,
    "ssim": 0.6703023314476013,
    "ssim_std": 0.06037302315235138,
    "lpips": 0.47230321168899536,
    "lpips_std": 0.07215292006731033,
    "num_rays_per_sec": 816362.25,
    "num_rays_per_sec_std": 159093.53125,
    "fps": 1.2755659818649292,
    "fps_std": 0.24858364462852478
  }
}