{
  "experiment_name": "lego-pns-green-noise-percent-15",
  "method_name": "instant-ngp",
  "checkpoint": "C:\\Stuff\\Dataset-creation\\notebooks\\outputs_ngp_lego_opt_off_degr\\lego-pns-green-noise-percent-15\\instant-ngp\\2024-03-25_031408\\nerfstudio_models\\step-000014999.ckpt",
  "results": {
    "psnr": 19.847692489624023,
    "psnr_std": 4.664315700531006,
    "ssim": 0.839769721031189,
    "ssim_std": 0.07960040867328644,
    "lpips": 0.2416873574256897,
    "lpips_std": 0.11874237656593323,
    "num_rays_per_sec": 874402.6875,
    "num_rays_per_sec_std": 175103.3125,
    "fps": 1.366254210472107,
    "fps_std": 0.27359893918037415
  }
}