{
  "experiment_name": "lego-every-2",
  "method_name": "instant-ngp",
  "checkpoint": "C:\\Stuff\\Dataset-creation\\notebooks\\outputs_ngp_lego_opt_off_degr\\lego-every-2\\instant-ngp\\2024-03-25_050902\\nerfstudio_models\\step-000014999.ckpt",
  "results": {
    "psnr": 11.362643241882324,
    "psnr_std": 1.7730655670166016,
    "ssim": 0.5979565978050232,
    "ssim_std": 0.054521799087524414,
    "lpips": 0.5342415571212769,
    "lpips_std": 0.0841352716088295,
    "num_rays_per_sec": 525773.0,
    "num_rays_per_sec_std": 111398.625,
    "fps": 0.8215203285217285,
    "fps_std": 0.17406035959720612
  }
}