{
  "experiment_name": "lego-pns-green-noise-percent-35",
  "method_name": "instant-ngp",
  "checkpoint": "C:\\Stuff\\Dataset-creation\\notebooks\\outputs_ngp_lego_opt_off_degr\\lego-pns-green-noise-percent-35\\instant-ngp\\2024-03-25_034440\\nerfstudio_models\\step-000014999.ckpt",
  "results": {
    "psnr": 18.936952590942383,
    "psnr_std": 3.679060459136963,
    "ssim": 0.8175438642501831,
    "ssim_std": 0.07236146926879883,
    "lpips": 0.29682645201683044,
    "lpips_std": 0.11619161814451218,
    "num_rays_per_sec": 916148.6875,
    "num_rays_per_sec_std": 180907.015625,
    "fps": 1.4314823150634766,
    "fps_std": 0.28266721963882446
  }
}