{
  "experiment_name": "lego-saturation-std-0",
  "method_name": "instant-ngp",
  "checkpoint": "outputs-ngp-lego-opt-off-satur-range\\lego-saturation-std-0\\instant-ngp\\2024-03-18_112403\\nerfstudio_models\\step-000014999.ckpt",
  "results": {
    "psnr": 20.899782180786133,
    "psnr_std": 4.598741054534912,
    "ssim": 0.8925790190696716,
    "ssim_std": 0.048401229083538055,
    "lpips": 0.14526619017124176,
    "lpips_std": 0.08033818751573563,
    "num_rays_per_sec": 887478.5,
    "num_rays_per_sec_std": 144491.78125,
    "fps": 1.3866851329803467,
    "fps_std": 0.22576840221881866
  }
}