{
    "transform": [
        [
            0.4945076107978821,
            0.13657820224761963,
            0.8583755493164062,
            -0.13454493880271912
        ],
        [
            0.13657820224761963,
            0.9630981683731079,
            -0.2319231480360031,
            -0.27406591176986694
        ],
        [
            -0.8583755493164062,
            0.2319231480360031,
            0.4576057195663452,
            -0.31254369020462036
        ]
    ],
    "scale": 0.214490663019601
}