{
    "transform": [
        [
            0.5183296203613281,
            0.11984341591596603,
            0.8467419743537903,
            0.15114161372184753
        ],
        [
            0.11984341591596603,
            0.9701820015907288,
            -0.2106761485338211,
            -0.34798136353492737
        ],
        [
            -0.8467419743537903,
            0.2106761485338211,
            0.48851168155670166,
            -0.3763021230697632
        ]
    ],
    "scale": 0.19881634635411755
}